res_name,alternative_name,original_name
ALA,HN,H
ARG,HN,H
ARG,HB1,HB2
ARG,HG1,HG2
ARG,HD1,HD2
ASH,HB1,HB2
ASN,HN,H
ASN,HB1,HB2
ASP,HB1,HB2
CYM,HB1,HB2
CYS,HB1,HB2
CYX,HB1,HB2
GLH,HB1,HB2
GLH,HG1,HG2
GLN,HN,H
GLN,HB1,HB2
GLN,HG1,HG2
GLU,HN,H
GLU,HB1,HB2
GLU,HG1,HG2
GLY,HN,H
GLY,HA1,HA2
HID,HB1,HB2
HIE,HB1,HB2
HIP,HB1,HB2
HYP,HB1,HB2
ILE,HN,H
ILE,HG11,HG12
ILE,CD,CD1
ILE,HD1,HD11
ILE,HD2,HD12
ILE,HD3,HD13
LEU,HN,H
LEU,HB1,HB2
LYN,HB1,HB2
LYN,HG1,HG2
LYN,HD1,HD2
LYN,HE1,HE2
LYN,HZ1,HZ2
LYS,HN,H
LYS,HB1,HB2
LYS,HG1,HG2
LYS,HD1,HD2
LYS,HE1,HE2
MET,HN,H
MET,HB1,HB2
MET,HG1,HG2
PHE,HN,H
PHE,HB1,HB2
PRO,HD1,HD2
PRO,HG1,HG2
PRO,HB1,HB2
SER,HN,H
SER,HB1,HB2
SER,HG1,HG
THR,HN,H
TRP,HN,H
TRP,HB1,HB2
TYR,HN,H
TYR,HB1,HB2
VAL,HN,H
CARG,HN,H
CARG,HB1,HB2
CARG,HG1,HG2
CARG,HD1,HD2
CASN,HN,H
CASN,HB1,HB2
CASP,HB1,HB2
CCYS,HB1,HB2
CCYX,HB1,HB2
CGLN,HN,H
CGLN,HB1,HB2
CGLN,HG1,HG2
CGLU,HB1,HB2
CGLU,HG1,HG2
CGLY,HA1,HA2
CHID,HB1,HB2
CHIE,HB1,HB2
CHIP,HB1,HB2
CHYP,HB1,HB2
CILE,HG11,HG12
CILE,CD,CD1
CILE,HD1,HD11
CILE,HD2,HD12
CILE,HD3,HD13
CLEU,HN,H
CLEU,HB1,HB2
CLEU,O1,O
CLEU,O2,OXT
CLYS,HN,H
CLYS,HB1,HB2
CLYS,HG1,HG2
CLYS,HD1,HD2
CLYS,HE1,HE2
CMET,HN,H
CMET,HB1,HB2
CMET,HG1,HG2
CPHE,HN,H
CPHE,HB1,HB2
CPRO,HD1,HD2
CPRO,HG1,HG2
CPRO,HB1,HB2
CSER,HB1,HB2
CSER,HG1,HG
CTHR,HN,H
CTRP,HB1,HB2
CTYR,HB1,HB2
CVAL,HN,H
NARG,HB1,HB2
NARG,HG1,HG2
NARG,HD1,HD2
NASN,HB1,HB2
NASP,HB1,HB2
NCYS,HB1,HB2
NCYX,HB1,HB2
NGLN,HT1,H1
NGLN,HT2,H2
NGLN,HT3,H3
NGLN,HB1,HB2
NGLN,HG1,HG2
NGLU,HB1,HB2
NGLU,HG1,HG2
NGLY,HA1,HA2
NHID,HB1,HB2
NHIE,HB1,HB2
NHIP,HB1,HB2
NILE,HG11,HG12
NILE,CD,CD1
NILE,HD1,HD11
NILE,HD2,HD12
NILE,HD3,HD13
NLEU,HB1,HB2
NLYS,HB1,HB2
NLYS,HG1,HG2
NLYS,HD1,HD2
NLYS,HE1,HE2
NMET,HB1,HB2
NMET,HG1,HG2
NPHE,HB1,HB2
NPRO,HD1,HD2
NPRO,HG1,HG2
NPRO,HB1,HB2
NSER,HB1,HB2
NSER,HG1,HG
NTRP,HB1,HB2
NTYR,HB1,HB2
